PLAYER,POSITION,AGE,MP,FG,FGA,FGPer,3P,3PA,3PPer,2P,2PA,2PPer,FT,FTA,FTPer,ORB,DRB,AST,STL,BLK,TOV,PF,POINTS,TEAM,GP,MPG,W,SALARYMILL,PAGEVIEWS,FAVORITE,RETWEET
Corey Brewer,SF,30.000,15.600,1.800,4.200,0.422,0.300,1.400,0.229,1.500,2.800,0.522,0.600,0.800,0.735,0.400,1.600,1.200,0.700,0.200,0.700,1.600,4.500,HOU/LAL,82.00,15.60,47.00,7.61,314.00,51.50,15.50
Marcin Gortat,C,32.000,31.200,4.800,8.200,0.579,0.000,0.000,0.000,4.800,8.200,0.580,1.300,1.900,0.648,2.900,7.500,1.500,0.500,0.700,1.500,2.600,10.800,WSH,82.00,31.20,49.00,12.00,315.00,1.00,1.00
Cameron Payne,PG,22.000,14.900,2.100,6.200,0.332,0.900,2.800,0.314,1.200,3.500,0.346,0.200,0.300,0.625,0.100,1.500,1.800,0.500,0.100,0.900,1.700,5.200,CHI/OKC,31.00,14.90,16.00,2.11,324.50,38.50,21.00
Tobias Harris,PF,24.000,31.300,6.200,13.000,0.481,1.300,3.800,0.347,4.900,9.100,0.537,2.300,2.800,0.841,0.800,4.300,1.700,0.700,0.500,1.200,1.600,16.100,DET,82.00,31.30,37.00,17.20,327.00,2.00,4.00
Al-Farouq Aminu,SF,26.000,29.100,3.000,7.600,0.393,1.100,3.500,0.330,1.900,4.200,0.445,1.600,2.200,0.706,1.300,6.100,1.600,1.000,0.700,1.500,1.700,8.700,POR,61.00,29.10,33.00,7.68,330.50,33.00,9.00
Sam Dekker,SF,22.000,18.400,2.600,5.600,0.473,0.800,2.400,0.321,1.900,3.100,0.591,0.500,0.900,0.559,1.200,2.500,1.000,0.500,0.300,0.500,1.100,6.500,HOU,77.00,18.40,52.00,1.72,331.00,139.00,13.00
Markieff Morris,PF,27.000,31.200,5.300,11.700,0.457,0.900,2.600,0.362,4.400,9.100,0.483,2.400,2.800,0.837,1.400,5.100,1.700,1.100,0.600,1.700,3.300,14.000,WSH,76.00,31.20,45.00,7.40,331.50,9.00,18.00
Trey Lyles,PF,21.000,16.300,2.200,6.200,0.362,0.900,2.900,0.319,1.300,3.300,0.400,0.800,1.100,0.722,0.700,2.600,1.000,0.400,0.300,0.900,1.400,6.200,UTAH,71.00,16.30,43.00,2.34,334.50,48.00,12.00
Tyler Zeller,C,27.000,10.300,1.500,3.100,0.494,0.000,0.000,0.000,1.500,3.100,0.497,0.400,0.800,0.564,0.800,1.600,0.800,0.100,0.400,0.400,1.200,3.500,BOS,51.00,10.30,32.00,8.00,336.00,15.00,14.00
Courtney Lee,SG,31.000,31.900,4.200,9.100,0.456,1.400,3.500,0.401,2.800,5.600,0.490,1.100,1.300,0.867,0.700,2.700,2.300,1.100,0.300,0.900,1.800,10.800,NY,77.00,31.90,29.00,11.24,337.50,2.00,1.00
Eric Gordon,SG,28.000,31.000,5.500,13.500,0.406,3.300,8.800,0.372,2.200,4.700,0.468,2.000,2.300,0.840,0.400,2.300,2.500,0.600,0.500,1.600,2.000,16.200,HOU,75.00,31.00,50.00,12.39,346.00,55.00,26.00
Danilo Gallinari,SF,28.000,33.900,5.300,11.900,0.447,2.000,5.100,0.389,3.300,6.800,0.491,5.500,6.100,0.902,0.600,4.500,2.100,0.600,0.200,1.300,1.500,18.200,DEN,63.00,33.90,31.00,15.05,350.00,29.00,6.00
Kyle Singler,SF,28.000,12.000,1.100,2.600,0.410,0.200,1.200,0.189,0.800,1.400,0.587,0.400,0.500,0.765,0.300,1.300,0.300,0.200,0.200,0.300,0.900,2.800,OKC,32.00,12.00,15.00,4.84,354.00,9.00,6.00
Miles Plumlee,C,28.000,10.800,1.000,2.000,0.478,0.000,0.000,,1.000,2.000,0.478,0.600,0.900,0.641,0.800,1.300,0.500,0.400,0.300,0.700,1.600,2.500,MIL/CHA,45.00,10.80,19.00,12.50,362.00,11.00,3.00
DeMarre Carroll,SF,30.000,26.100,3.100,7.600,0.400,1.500,4.400,0.341,1.500,3.200,0.483,1.200,1.600,0.761,0.900,2.900,1.000,1.100,0.400,0.800,2.000,8.900,TOR,72.00,26.10,44.00,14.20,363.50,29.50,8.00
Rudy Gobert,C,24.000,33.900,5.100,7.700,0.661,0.000,0.000,0.000,5.100,7.700,0.662,3.800,5.900,0.653,3.900,8.900,1.200,0.600,2.600,1.800,3.000,14.000,UTAH,81.00,33.90,51.00,2.12,368.50,731.00,225.50
Jared Sullinger,PF,24.000,10.700,1.400,4.300,0.319,0.300,1.600,0.167,1.100,2.600,0.414,0.400,0.700,0.500,0.900,1.500,0.300,0.400,0.100,0.400,1.500,3.400,TOR,11.00,10.70,2.00,5.63,368.50,11.00,2.00
Jameer Nelson,PG,34.000,27.300,3.600,8.100,0.444,1.400,3.600,0.388,2.200,4.400,0.489,0.600,0.800,0.714,0.400,2.200,5.100,0.700,0.100,1.700,2.600,9.200,DEN,75.00,27.30,34.00,4.54,369.00,0.00,9.00
Jerian Grant,PG,24.000,16.300,2.000,4.800,0.425,0.800,2.100,0.366,1.300,2.700,0.473,1.000,1.200,0.890,0.300,1.500,1.900,0.700,0.100,0.700,1.500,5.900,CHI,63.00,16.30,29.00,1.64,371.00,25.00,32.50
Nicolas Batum,SG,28.000,34.000,5.100,12.700,0.403,1.800,5.300,0.333,3.400,7.400,0.453,3.200,3.700,0.856,0.600,5.600,5.900,1.100,0.400,2.500,1.400,15.100,CHA,77.00,34.00,35.00,20.87,374.50,114.50,66.00
Cody Zeller,PF,24.000,27.800,4.100,7.100,0.571,0.000,0.000,0.000,4.100,7.100,0.572,2.100,3.200,0.679,2.200,4.400,1.600,1.000,0.900,1.000,3.000,10.300,CHA,62.00,27.80,33.00,5.32,376.50,90.00,29.00
Kenneth Faried,PF,27.000,21.200,3.700,6.800,0.548,0.000,0.100,0.000,3.700,6.700,0.556,2.100,3.100,0.693,3.000,4.600,0.900,0.700,0.700,1.000,2.000,9.600,DEN,61.00,21.20,29.00,12.08,376.50,14.00,8.00
Mario Hezonja,SF,21.000,14.800,1.800,5.100,0.355,0.700,2.200,0.299,1.100,2.900,0.398,0.600,0.800,0.800,0.300,1.900,1.000,0.500,0.200,0.900,1.100,4.900,ORL,65.00,14.80,20.00,3.91,396.50,272.00,207.00
Marcus Smart,SG,22.000,30.400,3.400,9.500,0.359,1.200,4.200,0.283,2.200,5.300,0.420,2.600,3.200,0.812,1.000,2.900,4.600,1.600,0.400,2.000,2.400,10.600,BOS,79.00,30.40,51.00,3.58,399.50,1.00,9.00
Udonis Haslem,C,36.000,8.100,0.700,1.400,0.478,0.000,0.200,0.000,0.700,1.300,0.550,0.600,0.900,0.600,0.500,1.800,0.400,0.400,0.100,0.500,1.400,1.900,MIA,16.00,8.10,6.00,4.00,401.00,28.50,18.00
Denzel Valentine,SG,23.000,17.100,1.800,5.100,0.354,1.300,3.600,0.351,0.500,1.400,0.363,0.200,0.300,0.778,0.200,2.500,1.100,0.500,0.100,0.900,1.500,5.100,CHI,57.00,17.10,28.00,2.09,403.00,23.00,24.00
Jamal Murray,SG,19.000,21.500,3.600,8.900,0.404,1.400,4.200,0.334,2.200,4.700,0.466,1.300,1.500,0.883,0.500,2.100,2.100,0.600,0.300,1.400,1.500,9.900,DEN,82.00,21.50,40.00,3.21,411.00,0.00,62.50
Brandon Rush,SG,31.000,21.900,1.500,4.000,0.374,0.900,2.400,0.386,0.600,1.600,0.356,0.300,0.400,0.722,0.300,1.800,1.000,0.500,0.500,0.600,0.900,4.200,MIN,47.00,21.90,15.00,3.50,412.50,14.00,1.50
Bradley Beal,SG,23.000,34.900,8.300,17.200,0.482,2.900,7.200,0.404,5.400,10.000,0.538,3.700,4.400,0.825,0.700,2.400,3.500,1.100,0.300,2.000,2.200,23.100,WSH,77.00,34.90,48.00,22.12,413.50,55.50,40.50
Luis Scola,PF,36.000,12.800,2.000,4.200,0.470,0.500,1.400,0.340,1.500,2.800,0.535,0.700,1.000,0.676,1.400,2.400,1.000,0.400,0.100,0.900,1.800,5.100,BKN,36.00,12.80,7.00,5.50,416.00,16.00,60.00
Trevor Ariza,SF,31.000,34.700,4.100,10.000,0.409,2.400,6.900,0.344,1.700,3.000,0.556,1.200,1.600,0.738,0.700,5.100,2.200,1.800,0.300,0.900,1.700,11.700,HOU,80.00,34.70,53.00,7.81,417.50,10.00,15.00
Trey Burke,PG,24.000,12.300,2.000,4.500,0.455,0.500,1.200,0.443,1.500,3.200,0.459,0.400,0.500,0.759,0.100,0.700,1.800,0.200,0.100,0.800,0.900,5.000,WSH,57.00,12.30,35.00,3.39,429.50,41.00,14.00
Eric Bledsoe,PG,27.000,33.000,6.800,15.700,0.434,1.600,4.700,0.335,5.200,11.000,0.477,5.900,6.900,0.847,0.800,4.100,6.300,1.400,0.500,3.400,2.500,21.100,PHX,66.00,33.00,22.00,14.00,434.50,9.00,30.50
Paul Millsap,PF,31.000,34.000,6.200,14.100,0.442,1.100,3.500,0.311,5.100,10.600,0.486,4.500,5.900,0.768,1.600,6.100,3.700,1.300,0.900,2.300,2.700,18.100,ATL,69.00,34.00,40.00,20.07,436.50,60.00,32.00
Jae Crowder,SF,26.000,32.400,4.600,10.000,0.463,2.200,5.500,0.398,2.400,4.500,0.540,2.400,3.000,0.811,0.700,5.100,2.200,1.000,0.300,1.100,2.200,13.900,BOS,72.00,32.40,48.00,6.29,438.50,55.00,47.00
Jaylen Brown,SF,20.000,17.200,2.500,5.400,0.454,0.600,1.700,0.341,1.900,3.700,0.507,1.100,1.600,0.685,0.600,2.200,0.800,0.400,0.200,0.900,1.800,6.600,BOS,78.00,17.20,50.00,4.74,441.00,0.00,100.00
Channing Frye,C,33.000,18.900,3.200,7.000,0.458,1.900,4.500,0.409,1.400,2.500,0.546,0.900,1.000,0.851,0.500,3.400,0.600,0.400,0.500,0.700,1.900,9.100,CLE,74.00,18.90,44.00,7.81,445.00,8.00,4.00
Terrence Ross,SF,25.000,25.100,4.200,9.600,0.437,1.800,5.000,0.363,2.400,4.600,0.518,0.800,1.000,0.831,0.200,2.400,1.100,1.100,0.400,0.900,1.800,11.000,ORL/TOR,78.00,25.10,39.00,10.00,446.50,0.00,0.00
Nik Stauskas,SG,23.000,27.400,3.100,7.900,0.396,1.700,4.500,0.368,1.500,3.400,0.433,1.500,1.900,0.813,0.300,2.600,2.400,0.600,0.400,1.600,1.800,9.500,PHI,80.00,27.40,27.00,2.99,451.00,28.00,11.00
Willie Cauley-Stein,C,23.000,18.900,3.400,6.400,0.530,0.000,0.000,0.000,3.400,6.400,0.532,1.300,2.000,0.669,1.100,3.400,1.100,0.700,0.600,0.900,2.000,8.100,SAC,75.00,18.90,29.00,3.55,456.50,0.00,17.00
Kelly Olynyk,C,25.000,20.500,3.500,6.800,0.512,0.900,2.600,0.354,2.600,4.200,0.608,1.200,1.600,0.732,1.000,3.800,2.000,0.600,0.400,1.300,2.800,9.000,BOS,75.00,20.50,49.00,3.09,457.00,56.50,16.00
Tyus Jones,PG,20.000,12.900,1.300,3.000,0.414,0.400,1.200,0.356,0.800,1.800,0.454,0.600,0.700,0.767,0.200,1.000,2.600,0.800,0.100,0.600,0.800,3.500,MIN,60.00,12.90,23.00,1.47,472.00,0.00,14.00
Dante Exum,PG,21.000,18.600,2.300,5.500,0.427,0.700,2.300,0.295,1.700,3.200,0.519,0.900,1.100,0.795,0.500,1.500,1.700,0.300,0.200,1.200,2.200,6.200,UTAH,66.00,18.60,40.00,3.94,483.00,48.50,28.00
Boris Diaw,PF,34.000,17.600,2.000,4.500,0.446,0.300,1.100,0.247,1.700,3.400,0.512,0.400,0.500,0.743,0.600,1.500,2.300,0.200,0.100,1.200,1.100,4.600,UTAH,73.00,17.60,45.00,7.00,489.50,136.50,13.00
Dion Waiters,SG,25.000,30.100,6.100,14.400,0.424,1.800,4.700,0.395,4.300,9.700,0.438,1.800,2.800,0.646,0.400,2.900,4.300,0.900,0.400,2.200,2.100,15.800,MIA,46.00,30.10,27.00,2.90,512.00,0.00,7.00
Cory Joseph,PG,25.000,25.000,3.700,8.300,0.452,0.600,1.700,0.356,3.100,6.600,0.477,1.200,1.500,0.770,0.600,2.300,3.300,0.800,0.200,1.400,1.800,9.300,TOR,80.00,25.00,49.00,7.32,516.50,48.50,15.00
Frank Kaminsky,C,23.000,26.100,4.300,10.700,0.399,1.500,4.700,0.328,2.700,6.000,0.455,1.600,2.100,0.756,0.800,3.700,2.200,0.600,0.500,1.000,1.900,11.700,CHA,75.00,26.10,31.00,2.73,517.00,112.50,29.00
Julius Randle,PF,22.000,28.800,5.100,10.400,0.488,0.200,0.900,0.270,4.900,9.600,0.507,2.800,3.800,0.723,2.000,6.600,3.600,0.700,0.500,2.300,3.400,13.200,LAL,74.00,28.80,24.00,3.27,519.00,102.00,59.00
Patty Mills,PG,28.000,21.900,3.400,7.800,0.440,1.800,4.400,0.414,1.600,3.300,0.474,0.800,1.000,0.825,0.300,1.500,3.500,0.800,0.000,1.300,1.400,9.500,SA,80.00,21.90,60.00,3.58,522.00,112.00,19.00
Austin Rivers,SG,24.000,27.800,4.400,9.900,0.442,1.500,4.000,0.371,2.900,5.800,0.491,1.800,2.600,0.691,0.300,1.900,2.800,0.600,0.100,1.600,2.500,12.000,LAC,74.00,27.80,43.00,11.00,525.00,75.50,23.00
Zach Randolph,PF,35.000,24.500,5.900,13.200,0.449,0.300,1.300,0.223,5.600,11.900,0.474,1.900,2.600,0.731,2.500,5.700,1.700,0.500,0.100,1.400,1.900,14.100,MEM,73.00,24.50,38.00,10.36,528.50,47.00,18.50
Emmanuel Mudiay,PG,20.000,25.600,3.800,10.000,0.377,1.000,3.200,0.315,2.800,6.800,0.408,2.400,3.000,0.784,0.500,2.700,3.900,0.700,0.200,2.200,1.700,11.000,DEN,55.00,25.60,25.00,3.24,545.00,69.00,21.00
Jrue Holiday,PG,26.000,32.700,6.000,13.300,0.454,1.500,4.200,0.356,4.600,9.100,0.498,1.800,2.500,0.708,0.700,3.300,7.300,1.500,0.700,2.900,2.000,15.400,NO,67.00,32.70,32.00,11.29,547.50,0.00,39.00
Domantas Sabonis,PF,20.000,20.100,2.400,5.900,0.399,0.600,2.000,0.321,1.700,4.000,0.438,0.500,0.800,0.657,0.600,3.000,1.000,0.500,0.400,1.000,2.500,5.900,OKC,81.00,20.10,46.00,2.44,550.50,0.00,82.00
Chandler Parsons,SF,28.000,19.900,2.200,6.500,0.338,0.700,2.700,0.269,1.500,3.800,0.388,1.000,1.300,0.814,0.200,2.300,1.600,0.600,0.100,0.700,1.500,6.200,MEM,34.00,19.90,18.00,22.12,555.50,59.00,16.00
Evan Turner,SF,28.000,25.500,3.600,8.500,0.426,0.500,1.800,0.263,3.100,6.700,0.470,1.300,1.600,0.825,0.600,3.200,3.200,0.800,0.400,1.500,1.900,9.000,POR,65.00,25.50,34.00,16.39,564.00,17.00,13.00
Marreese Speights,C,29.000,15.700,3.000,6.700,0.445,1.300,3.400,0.372,1.700,3.300,0.520,1.500,1.700,0.876,1.100,3.500,0.800,0.300,0.500,0.800,2.800,8.700,LAC,82.00,15.70,51.00,1.40,564.50,80.00,12.00
Justise Winslow,SF,20.000,34.700,4.400,12.500,0.356,0.400,1.900,0.200,4.100,10.600,0.384,1.600,2.600,0.617,1.300,3.900,3.700,1.400,0.300,1.800,2.900,10.900,MIA,18.00,34.70,4.00,2.59,573.00,88.50,33.50
Michael Kidd-Gilchrist,SF,23.000,29.000,3.600,7.600,0.477,0.000,0.100,0.111,3.600,7.500,0.483,1.900,2.400,0.784,1.900,5.000,1.400,1.000,1.000,0.700,2.300,9.200,CHA,81.00,29.00,36.00,13.00,575.50,29.00,11.00
Kris Dunn,PG,22.000,17.100,1.500,4.000,0.377,0.300,0.900,0.288,1.200,3.100,0.404,0.500,0.800,0.610,0.300,1.800,2.400,1.000,0.500,1.100,2.300,3.800,MIN,78.00,17.10,30.00,3.87,597.50,165.00,47.00
Kemba Walker,PG,26.000,34.700,8.100,18.300,0.444,3.000,7.600,0.399,5.100,10.700,0.476,3.800,4.500,0.847,0.600,3.300,5.500,1.100,0.300,2.100,1.500,23.200,CHA,79.00,34.70,36.00,12.00,640.50,59.50,32.50
Michael Carter-Williams,PG,25.000,18.800,2.500,6.800,0.366,0.300,1.400,0.234,2.200,5.400,0.401,1.300,1.700,0.753,0.500,2.900,2.500,0.800,0.500,1.500,2.300,6.600,CHI,45.00,18.80,25.00,3.18,645.00,0.00,5.00
Nerlens Noel,C,22.000,20.500,3.600,6.100,0.595,0.000,0.000,0.000,3.600,6.000,0.597,1.500,2.200,0.694,1.800,3.900,1.000,1.300,1.000,1.000,2.500,8.700,DAL/PHI,51.00,20.50,24.00,4.38,663.00,105.00,64.00
Aaron Gordon,SF,21.000,28.700,4.900,10.800,0.454,1.000,3.300,0.288,4.000,7.500,0.528,2.000,2.700,0.719,1.500,3.600,1.900,0.800,0.500,1.100,2.200,12.700,ORL,80.00,28.70,29.00,4.35,666.00,42.50,16.00
Gordon Hayward,SF,26.000,34.500,7.500,15.800,0.471,2.000,5.100,0.398,5.400,10.700,0.506,5.000,5.900,0.844,0.700,4.700,3.500,1.000,0.300,1.900,1.600,21.900,UTAH,73.00,34.50,46.00,16.07,689.00,319.00,50.50
Tyreke Evans,SF,27.000,19.700,3.800,9.300,0.405,1.100,3.000,0.356,2.700,6.300,0.429,1.700,2.300,0.750,0.300,3.100,3.100,0.900,0.200,1.500,1.500,10.300,NO/SAC,40.00,19.70,17.00,10.20,701.00,6.00,9.00
Enes Kanter,C,24.000,21.300,5.600,10.200,0.545,0.100,0.500,0.132,5.500,9.700,0.568,3.100,4.000,0.786,2.700,4.000,0.900,0.400,0.500,1.700,2.100,14.300,OKC,72.00,21.30,43.00,17.15,713.00,147.00,195.00
Victor Oladipo,SG,24.000,33.200,6.100,13.900,0.442,1.900,5.300,0.361,4.300,8.700,0.491,1.700,2.300,0.753,0.600,3.800,2.600,1.200,0.300,1.800,2.300,15.900,OKC,67.00,33.20,39.00,6.55,715.00,78.00,28.00
Ricky Rubio,PG,26.000,32.900,3.500,8.700,0.402,0.800,2.600,0.306,2.700,6.100,0.443,3.400,3.800,0.891,0.900,3.200,9.100,1.700,0.100,2.600,2.700,11.100,MIN,75.00,32.90,28.00,13.55,763.00,262.50,76.00
JaVale McGee,C,29.000,9.600,2.700,4.100,0.652,0.000,0.000,0.000,2.700,4.100,0.658,0.700,1.400,0.505,1.300,1.900,0.200,0.200,0.900,0.500,1.400,6.100,GS,77.00,9.60,62.00,1.40,804.50,0.00,32.00
Buddy Hield,SG,23.000,23.000,4.000,9.400,0.426,1.800,4.600,0.391,2.200,4.700,0.461,0.800,0.900,0.842,0.400,2.900,1.500,0.500,0.100,1.200,1.400,10.600,NO/SAC,82.00,23.00,31.00,3.52,811.50,512.00,333.00
Jabari Parker,PF,21.000,33.900,7.800,16.000,0.490,1.300,3.500,0.365,6.500,12.500,0.525,3.200,4.300,0.743,1.500,4.600,2.800,1.000,0.400,1.800,2.200,20.100,MIL,51.00,33.90,22.00,5.37,815.00,267.00,125.00
Marc Gasol,C,32.000,34.200,7.200,15.700,0.459,1.400,3.600,0.388,5.800,12.100,0.480,3.800,4.500,0.837,0.800,5.500,4.600,0.900,1.300,2.200,2.300,19.500,MEM,74.00,34.20,40.00,21.17,825.00,0.00,75.50
Tyson Chandler,C,34.000,27.600,3.300,4.900,0.671,0.000,0.000,,3.300,4.900,0.671,1.900,2.600,0.734,3.300,8.200,0.600,0.700,0.500,1.400,2.700,8.400,PHX,47.00,27.60,15.00,12.42,832.00,29.00,9.00
Luol Deng,SF,31.000,26.500,2.900,7.600,0.387,0.900,2.900,0.309,2.000,4.600,0.436,0.800,1.100,0.730,1.100,4.100,1.300,0.900,0.400,0.800,1.100,7.600,LAL,56.00,26.50,18.00,18.00,838.00,22.00,13.50
Kyle Korver,SG,35.000,26.200,3.600,7.700,0.464,2.400,5.400,0.451,1.100,2.300,0.494,0.600,0.600,0.905,0.100,2.700,1.600,0.500,0.300,1.000,1.600,10.100,ATL/CLE,67.00,26.20,33.00,5.24,842.50,107.50,30.50
Al Horford,C,30.000,32.300,5.600,11.800,0.473,1.300,3.600,0.355,4.300,8.200,0.524,1.600,2.000,0.800,1.400,5.400,5.000,0.800,1.300,1.700,2.000,14.000,BOS,68.00,32.30,46.00,26.54,870.00,136.00,71.00
Matthew Dellavedova,PG,26.000,26.100,2.700,7.000,0.390,1.000,2.800,0.367,1.700,4.200,0.404,1.100,1.300,0.854,0.300,1.600,4.700,0.700,0.000,1.800,2.000,7.600,MIL,76.00,26.10,39.00,9.61,910.50,175.00,30.00
Michael Beasley,PF,28.000,16.700,3.900,7.300,0.532,0.300,0.800,0.419,3.500,6.500,0.545,1.400,1.900,0.743,0.700,2.700,0.900,0.500,0.500,1.200,1.600,9.400,MIL,56.00,16.70,23.00,1.40,939.00,8.00,5.00
LaMarcus Aldridge,PF,31.000,32.400,6.900,14.600,0.477,0.300,0.800,0.411,6.600,13.800,0.480,3.100,3.800,0.812,2.400,4.900,1.900,0.600,1.200,1.400,2.200,17.300,SA,72.00,32.40,52.00,20.58,958.00,195.00,63.00
Thon Maker,C,19.000,9.900,1.500,3.200,0.459,0.500,1.300,0.378,1.000,1.900,0.514,0.600,0.900,0.653,0.700,1.300,0.400,0.200,0.500,0.300,1.500,4.000,MIL,57.00,9.90,31.00,2.57,976.00,0.00,39.50
Jamal Crawford,SG,36.000,26.300,4.400,10.600,0.413,1.400,3.900,0.360,3.000,6.700,0.443,2.100,2.500,0.857,0.200,1.400,2.600,0.700,0.200,1.600,1.400,12.300,LAC,82.00,26.30,51.00,13.25,1010.00,49.00,32.00
Joel Embiid,C,22.000,25.400,6.500,13.800,0.466,1.200,3.200,0.367,5.300,10.700,0.495,6.200,7.900,0.783,2.000,5.900,2.100,0.900,2.500,3.800,3.600,20.200,PHI,31.00,25.40,13.00,4.83,1075.50,6852.50,2941.00
Zach LaVine,SG,21.000,37.200,6.900,15.100,0.459,2.600,6.600,0.387,4.400,8.500,0.515,2.500,3.000,0.836,0.400,3.000,3.000,0.900,0.200,1.800,2.200,18.900,MIN,47.00,37.20,16.00,2.24,1103.00,178.50,67.00
Steven Adams,C,23.000,29.900,4.700,8.200,0.571,0.000,0.000,0.000,4.700,8.200,0.572,2.000,3.200,0.611,3.500,4.200,1.100,1.100,1.000,1.800,2.400,11.300,OKC,80.00,29.90,47.00,3.14,1132.00,36.00,99.00
Joakim Noah,C,31.000,22.100,2.200,4.400,0.490,0.000,0.000,0.000,2.200,4.400,0.493,0.700,1.700,0.436,3.500,5.200,2.200,0.700,0.800,1.300,2.800,5.000,NY,46.00,22.10,17.00,17.00,1202.50,0.00,87.00
Brandon Ingram,SF,19.000,28.800,3.500,8.700,0.402,0.700,2.400,0.294,2.800,6.300,0.443,1.700,2.700,0.621,0.800,3.200,2.100,0.600,0.500,1.500,2.000,9.400,LAL,79.00,28.80,26.00,5.28,1203.00,194.00,100.00
Devin Booker,SG,20.000,35.000,7.800,18.300,0.423,1.900,5.200,0.363,5.900,13.200,0.447,4.700,5.700,0.832,0.600,2.600,3.400,0.900,0.300,3.100,3.100,22.100,PHX,78.00,35.00,24.00,2.22,1210.50,1170.50,335.50
D'Angelo Russell,PG,20.000,28.700,5.600,13.800,0.405,2.100,6.100,0.352,3.400,7.700,0.447,2.300,3.000,0.782,0.500,3.000,4.800,1.400,0.300,2.800,2.100,15.600,LAL,63.00,28.70,21.00,5.33,1327.00,0.00,232.00
Tristan Thompson,C,25.000,29.900,3.400,5.600,0.600,0.000,0.000,0.000,3.400,5.600,0.604,1.400,2.700,0.498,3.700,5.500,1.000,0.500,1.100,0.800,2.300,8.100,CLE,78.00,29.90,50.00,15.33,1365.50,368.00,211.00
Jordan Clarkson,SG,24.000,29.200,5.800,13.100,0.445,1.400,4.300,0.329,4.400,8.700,0.503,1.600,2.000,0.798,0.600,2.400,2.600,1.100,0.100,2.000,1.800,14.700,LAL,82.00,29.20,26.00,12.50,1386.50,55.50,179.50
Andrew Bogut,C,32.000,21.600,1.400,3.000,0.469,0.000,0.000,0.000,1.400,3.000,0.475,0.100,0.400,0.273,2.100,6.000,1.800,0.500,0.900,1.600,3.200,2.900,CLE/DAL,27.00,21.60,8.00,0.24,1435.50,57.00,4.00
Paul George,SF,26.000,35.900,8.300,18.000,0.461,2.600,6.600,0.393,5.700,11.400,0.501,4.500,5.000,0.898,0.800,5.800,3.300,1.600,0.400,2.900,2.700,23.700,IND,75.00,35.90,39.00,18.31,1600.00,228.50,128.00
DeMarcus Cousins,C,26.000,34.200,9.000,19.900,0.452,1.800,5.000,0.361,7.200,14.800,0.483,7.200,9.300,0.772,2.100,8.900,4.600,1.400,1.300,3.700,3.900,27.000,NO/SAC,72.00,34.20,30.00,16.96,1625.50,102.00,91.50
Paul Pierce,SF,39.000,11.100,1.100,2.800,0.400,0.600,1.700,0.349,0.500,1.100,0.481,0.400,0.500,0.769,0.000,1.900,0.400,0.200,0.200,0.600,1.600,3.200,LAC,25.00,11.10,16.00,3.53,1671.00,346.50,142.00
Andre Iguodala,SF,33.000,26.300,2.900,5.500,0.528,0.800,2.300,0.362,2.000,3.100,0.651,0.900,1.300,0.706,0.700,3.300,3.400,1.000,0.500,0.800,1.300,7.600,GS,76.00,26.30,64.00,11.13,1748.50,300.50,43.00
Rajon Rondo,PG,30.000,26.700,3.300,8.100,0.408,0.700,1.900,0.376,2.600,6.200,0.418,0.400,0.700,0.600,1.100,4.100,6.700,1.400,0.200,2.400,2.100,7.800,CHI,69.00,26.70,34.00,14.00,1765.00,185.50,74.00
Andrew Wiggins,SF,21.000,37.200,8.600,19.100,0.452,1.300,3.500,0.356,7.400,15.600,0.473,5.000,6.600,0.760,1.200,2.800,2.300,1.000,0.400,2.300,2.200,23.600,MIN,82.00,37.20,31.00,6.01,1778.50,182.00,54.50
Damian Lillard,PG,26.000,35.900,8.800,19.800,0.444,2.900,7.700,0.370,6.000,12.100,0.492,6.500,7.300,0.895,0.600,4.300,5.900,0.900,0.300,2.600,2.000,27.000,POR,75.00,35.90,38.00,24.33,1830.50,186.50,43.00
Pau Gasol,C,36.000,25.400,4.700,9.400,0.502,0.900,1.600,0.538,3.900,7.800,0.494,2.000,2.900,0.707,1.700,6.200,2.300,0.400,1.100,1.300,1.700,12.400,SA,64.00,25.40,47.00,15.50,1983.50,882.50,148.50
Kevin Love,PF,28.000,31.400,6.200,14.500,0.427,2.400,6.500,0.373,3.800,8.000,0.471,4.300,4.900,0.871,2.500,8.600,1.900,0.900,0.400,2.000,2.100,19.000,CLE,60.00,31.40,40.00,21.17,2013.50,866.50,194.50
Karl-Anthony Towns,C,21.000,37.000,9.800,18.000,0.542,1.200,3.400,0.367,8.500,14.700,0.582,4.300,5.200,0.832,3.600,8.700,2.700,0.700,1.300,2.600,2.900,25.100,MIN,82.00,37.00,31.00,5.96,2046.50,0.00,105.00
Blake Griffin,PF,27.000,34.000,7.900,15.900,0.493,0.600,1.900,0.336,7.200,14.100,0.514,5.200,6.900,0.760,1.800,6.300,4.900,0.900,0.400,2.300,2.600,21.600,LAC,61.00,34.00,40.00,20.14,2257.00,269.00,98.50
Kawhi Leonard,SF,25.000,33.400,8.600,17.700,0.485,2.000,5.200,0.380,6.600,12.500,0.529,6.300,7.200,0.880,1.100,4.700,3.500,1.800,0.700,2.100,1.600,25.500,SA,74.00,33.40,54.00,17.64,2446.50,2701.50,716.50
Dwight Howard,C,31.000,29.700,5.200,8.300,0.633,0.000,0.000,0.000,5.200,8.300,0.635,3.100,5.700,0.533,4.000,8.700,1.400,0.900,1.200,2.300,2.700,13.500,ATL,74.00,29.70,37.00,23.18,2558.50,7.00,1.00
Chris Paul,PG,31.000,31.500,6.100,12.900,0.476,2.000,5.000,0.411,4.100,7.900,0.518,3.800,4.300,0.892,0.700,4.300,9.200,2.000,0.100,2.400,2.400,18.100,LAC,61.00,31.50,43.00,22.87,2689.50,829.00,178.50
Vince Carter,SF,40.000,24.600,2.600,6.700,0.394,1.500,4.100,0.378,1.100,2.700,0.418,1.200,1.600,0.765,0.500,2.600,1.800,0.800,0.500,0.700,2.200,8.000,MEM,73.00,24.70,36.00,4.26,2891.50,0.00,7.00
Kris Humphries,PF,31.000,12.300,1.600,3.800,0.407,0.300,1.000,0.352,1.200,2.900,0.425,1.100,1.500,0.780,1.100,2.600,0.500,0.300,0.400,0.500,1.200,4.600,ATL,56.00,12.30,31.00,4.00,2940.50,67.00,9.00
Draymond Green,PF,26.000,32.500,3.600,8.600,0.418,1.100,3.500,0.308,2.500,5.100,0.494,2.000,2.800,0.709,1.300,6.600,7.000,2.000,1.400,2.400,2.900,10.200,GS,76.00,32.50,62.00,15.33,2946.00,627.00,168.50
Dirk Nowitzki,PF,38.000,26.400,5.500,12.600,0.437,1.500,3.900,0.378,4.000,8.700,0.463,1.800,2.100,0.875,0.400,6.100,1.500,0.600,0.700,0.900,2.100,14.200,DAL,54.00,26.40,23.00,25.00,2960.00,1564.00,500.50
Jeremy Lin,PG,28.000,24.500,4.900,11.100,0.438,1.600,4.300,0.372,3.300,6.800,0.480,3.200,3.900,0.816,0.300,3.400,5.100,1.200,0.400,2.400,2.200,14.500,BKN,36.00,24.50,13.00,11.48,3147.00,936.50,197.50
Derrick Rose,PG,28.000,32.500,7.200,15.300,0.471,0.200,0.900,0.217,7.000,14.300,0.487,3.500,4.000,0.874,1.000,2.800,4.400,0.700,0.300,2.300,1.300,18.000,NY,64.00,32.50,26.00,21.32,3273.50,1864.00,2504.50
James Harden,PG,27.000,36.400,8.300,18.900,0.440,3.200,9.300,0.347,5.100,9.600,0.530,9.200,10.900,0.847,1.200,7.000,11.200,1.500,0.500,5.700,2.700,29.100,HOU,81.00,36.40,54.00,26.50,3279.00,969.00,321.50
Klay Thompson,SG,26.000,34.000,8.300,17.600,0.468,3.400,8.300,0.414,4.800,9.300,0.516,2.400,2.800,0.853,0.600,3.000,2.100,0.800,0.500,1.600,1.800,22.300,GS,78.00,34.00,66.00,16.66,3708.00,797.00,225.00
Carmelo Anthony,SF,32.000,34.300,8.100,18.800,0.433,2.000,5.700,0.359,6.100,13.100,0.466,4.100,4.900,0.833,0.800,5.100,2.900,0.800,0.500,2.100,2.700,22.400,NY,74.00,34.30,29.00,24.56,3773.50,720.50,220.00
Russell Westbrook,PG,28.000,34.600,10.200,24.000,0.425,2.500,7.200,0.343,7.700,16.800,0.459,8.800,10.400,0.845,1.700,9.000,10.400,1.600,0.400,5.400,2.300,31.600,OKC,81.00,34.60,46.00,26.50,4279.00,2130.50,559.00
Dwyane Wade,SG,35.000,29.900,6.900,15.900,0.434,0.800,2.400,0.310,6.200,13.500,0.456,3.700,4.700,0.794,1.100,3.500,3.800,1.400,0.700,2.300,1.900,18.300,CHI,60.00,29.90,29.00,23.20,4671.00,349.50,149.50
Kyrie Irving,PG,24.000,35.100,9.300,19.700,0.473,2.500,6.100,0.401,6.900,13.600,0.505,4.100,4.600,0.905,0.700,2.500,5.800,1.200,0.300,2.500,2.200,25.200,CLE,72.00,35.10,47.00,17.64,4796.00,1541.00,695.00
Kevin Durant,SF,28.000,33.400,8.900,16.500,0.537,1.900,5.000,0.375,7.000,11.500,0.608,5.400,6.200,0.875,0.600,7.600,4.800,1.100,1.600,2.200,1.900,25.100,GS,62.00,33.40,51.00,26.50,6288.50,1425.50,366.00
LeBron James,SF,32.000,37.800,9.900,18.200,0.548,1.700,4.600,0.363,8.300,13.500,0.611,4.800,7.200,0.674,1.300,7.300,8.700,1.200,0.600,4.100,1.800,26.400,CLE,74.00,37.80,51.00,30.96,14704.00,5533.50,1501.50
Stephen Curry,PG,28.000,33.400,8.500,18.300,0.468,4.100,10.000,0.411,4.400,8.300,0.537,4.100,4.600,0.898,0.800,3.700,6.600,1.800,0.200,3.000,2.300,25.300,GS,79.00,33.40,65.00,12.11,17570.50,12278.00,2893.00
